<?xml version="1.0" encoding="UTF-8" ?>
<extension type="package" version="3.8" method="upgrade">
	<name>English United States Language Pack</name>
	<packagename>en-US</packagename>
	<version>3.8.3.1</version>
	<creationDate>December 2017</creationDate>
	<author>stevec4</author>
	<authorEmail>stevec4@comcast.net</authorEmail>
	<authorUrl>www.joomla.org</authorUrl>
	<copyright>Copyright (C) 2005 - 2017 Open Source Matters. All rights reserved.</copyright>
	<license>GNU General Public License version 2 or later; see LICENSE.txt</license>
<description>3.8.3.1 Joomla! English (United States) Language Package</description>
<files>
        <file type="language" client="administrator" id="en-US">admin_en-US.zip</file>
        <file type="language" client="site" id="en-US">site_en-US.zip</file>
</files>
<updateservers>
        <server type="collection" priority="1" name="Accredited Joomla! Translations">https://update.joomla.org/language/translationlist_3.xml</server>
    </updateservers>
</extension>